<?xml version="1.0" encoding="utf-8" ?>
<npcs>
	<tile id="rein" sheet="npc.png" x="0"/>
	<animation id="rein.idle">
		<frame x="1" length="8" />
		<frame x="0" length="2" />
		<frame x="1" length="8" />
		<frame x="2" count="4" />
		<frame x="2" length="24" />
	</animation>
	<animation id="rein.talk" count="4" x="6">
		<frame x="6" length="4" />
		<frame x="0" length="2" />
		<frame x="1" length="2" />
		<frame x="2" count="6" />
	</animation>
	<animation id="rein.walk" count="9" x="11"/>

	<npc id="rein" tile="rein" action="talk" talk_sfx="talking7" night="true" jumpingVehicle="true">
		<idle class="wander" />
		<operate>
			<section if="!getFlag('venometo.intro')">
				<quest />
				<dialogue section="rein" id="intro1" speaker="this" />
				<dialogue section="rein" id="intro2" speaker="player" />
				<dialogue section="rein" id="intro3" speaker="this" />
				<dialogue section="rein" id="intro4" speaker="player" />
				<dialogue section="rein" id="intro5" speaker="this" />
				<dialogue section="rein" id="intro6" speaker="this" />
				<dialogue section="rein" id="intro7" speaker="player" />
				<dialogue section="rein" id="intro8" speaker="this" />
				<dialogue section="rein" id="intro9" speaker="this" />
				<dialogue section="rein" id="intro10" speaker="this" />
				<dialogue section="rein" id="intro11" speaker="this" />
				<dialogue section="rein" id="intro12" speaker="this" />
				<action>setFlag('venometo.intro',true);</action>
				<item id="jumpsuit" />
			</section>
			<section if="!player.hasSeenItem('jumpsuit')">
				<quest />
				<dialogue section="rein" id="intro11" speaker='this' />
				<dialogue section="rein" id="intro12" speaker='this' />
				<item id="jumpsuit"><parameter id="f" value="2000" /></item>
			</section>
			<section if="player.hasItem('com_device') && !player.hasContact('rein')">
				<dialogue section="rein" id="com_device" speaker='this' />
				<dialogue section="rein" id="name" speaker='this' />
				<action>player.setContact("rein", "call_rein")</action>
			</section>
			<section>
				<group>
					<dialogue section="rein" id="idle1" speaker="this" />
					<dialogue section="rein" id="idle2" speaker="this" />
					<dialogue section="rein" id="idle3" speaker="this" />
					<dialogue section="rein" id="incomplete" speaker="this" />
					<dialogue section="rein" id="incomplete2" speaker="this" />
				</group>
			</section>
		</operate>
	</npc>

	<procedure id="call_rein">
		<set id="this" value="player.getNPC('rein')" /><run procedure="checkCallRange" />
		<call id="rein" />
		<group>
			<dialogue section="rein" id="idle1" speaker="this" />
			<dialogue section="rein" id="idle2" speaker="this" />
			<dialogue section="rein" id="idle3" speaker="this" />
			<dialogue section="rein" id="incomplete" speaker="this" />
			<dialogue section="rein" id="incomplete2" speaker="this" />
		</group>
		<call id="rein" end="true" />
	</procedure>
</npcs>
