<?xml version="1.0" encoding="utf-8" ?>
<data>
    <action>
		function spikeCheck(o)
		{
			if(o.info.id=='spike_trap' || o.info.id=='spike_trap2') return true;
			return false;
		}

		//check dash/blink range
		function getDashRange(obj, range)
		{
			var blocker=obj.getClosest(range*Tile.SIZE, 1, true, spikeCheck);
			if(blocker != null && blocker.bounds != null) return obj.getXDistance(blocker.bounds,1);
			else range*Tile.SIZE;
		}

		//check shadow blink range
		function ShadowBlinkRange(obj, range)
		{
			if(getDashRange(obj,range) == range*Tile.SIZE) return range*Tile.SIZE; //When there are no obstacles

			var area=obj.area;
			var checkObject=function(addBounds,o)
			{ //object check
				if(o != obj && o.isBlocking(obj.info)) addBounds(o,o.getBounds());
				return false;
			};
			var checkNormalTile=function(addBounds,x,y)
			{ //normal tile check
				if((area.getTileId(x,y,0) != -1 && area.getTileString(x,y,0) != "shadow_wall") || y == obj.get_tile_y() && !obj.canEnterTile(x,y))
				{
					Object.rectangle.setTo(x*Tile.SIZE, y*Tile.SIZE,Tile.SIZE,Tile.SIZE);
					addBounds(null,Object.rectangle);
				}
				return false;
			};
			var checkShadowTile=function(addBounds,x,y)
			{ //shadow wall tile check
				if(area.getTileString(x,y,0) == "shadow_wall")
				{
					Object.rectangle.setTo(x*Tile.SIZE, y*Tile.SIZE,Tile.SIZE,Tile.SIZE);
					addBounds(null,Object.rectangle);
				}
				return false;
			};

			//Calculate all obstacles except shadow wall tiles
			var nBlocker=Object._getClosest(Object.blocker_obj,obj.getBounds(),area.objects,range*Tile.SIZE, -obj.getDX(), checkObject, checkNormalTile, spikeCheck,0);
			var nRange=range*Tile.SIZE;
			if(nBlocker != null && nBlocker.bounds != null) nRange=obj.getXDistance(nBlocker.bounds,1);

			var res=nRange; //returning result value

			// Calculate the offset to match the tile-perfect
			var newBound=obj.getBounds().clone();
			var clamp=0;
			if(obj.getDX() == 1){
				var right=newBound.get_right();
				clamp=right % Tile.SIZE;
			}
			else{
				var left=newBound.get_left();
				clamp=(Tile.SIZE-left%Tile.SIZE)%Tile.SIZE;
			}

			newBound.x+=nRange*(obj.getDX()); //Start from where the last obstacle is

			while((newBound.x - obj.xPos)*obj.getDX() > 0)
			{
				var sBlocker=Object._getClosest(Object.blocker_obj,newBound,area.objects,0, -obj.getDX(), checkObject, checkShadowTile, function(){return false;},0); //shadow wall overlap check
				if(sBlocker == null) break; //If the shadow wall doesn't overlap the expected position, position result there
				if(!appendClamp) {
					newBound.x-=clamp*(obj.getDX());
					res -= clamp;
					appendClamp = true;
				}
				else {
					newBound.x-=Tile.SIZE*(obj.getDX());
					res -= Tile.SIZE;
				}
			}
			if(res &lt; 0) res = 0;
			return res;
		}

		function getJumpsuitBlinkRange(obj, range, throughShadow)
		{
			if(throughShadow) return ShadowBlinkRange(obj, range);
			else return getDashRange(obj, range);
		}

		function sharpBlinkAttack(obj, range, damage)
		{
			var b=obj.getBounds().clone();
			var _range=Math.abs(range); var _dir=Utils.sign(range);
			b.width+=_range;
			if(_dir == -1) b.x-=_range;
			var objs=[];
			obj.area.getObjects(b,function(o,r){if(o != obj && obj.projectileCanHurt(o) && (o.attackPower(1, 0, 0, null, false) > 0)) objs.push(o); return false;});
			if(objs != null){
				for(o in objs) 
				{
					var critical=(o.getDX() == _dir) ? FLAG_CRITICAL : 0;
					o.damage(damage, critical, obj);
				}
			}
		}
    </action>

<!-- vehicles -->
	<procedure id="checkJumpingObject">
		<action>
			function canInteractJumper(o)
			{
				var res;
				try{res=o.info.xml.get("jumpingVehicle") == "true";}
				catch(e:Dynamic){res=false;}
				return res;
			}
			var o=null;
			if(this.area != null){
				o=this.area.getActionObject(this.getInteractBounds(),this.player,canInteractJumper);
			}
			if(o != null) {
				this.overObject(o);
				this._overStructure(null);
				this.hideTooltip();
			}
			else{
				var struc=this.getStructure(this.xPos, this.yTop());
				if(canInteractJumper(struc)){
					this._overStructure(struc);
					this.hideTooltip();
				}
			}
		</action>
	</procedure>

	<animation id="equipment.spacefarer.move" equals="equipment.spacefarer.walk" />
	<animation id="equipment.spacefarer.fly" equals="equipment.spacefarer.fly.self" />
	<animation id="equipment.spacefarer.hover" equals="equipment.spacefarer.fly.self" />

	<vehicle id="jumpsuit" tile="spacefarer" animation="equipment.spacefarer" health="300" icon="spacefarer.ico" defense="5" fuel="2000" max_weight="2500" death_sfx="explosion" explodeCliff="false" item="jumpsuit" speed="3" speedY="3" jumpXSpeed="0.8" type="jumping" jump="20" jump_sfx="jump" efficiency="0" resistPoison="2" accessObject="true" attack_move="true" block_icon="adult_dragon.ico" cameraX="50">
		<repair id="iridium" value="150" /><fuel id="lustratium" fuel="500" />
		<listItem title="vehicle.pack_up">
			<closeWindows />
			<action>player.vehicle.dismount();</action>
			<invokeLater><section if="player.vehicle == null">
				<action>player.inventory.addAll(this.inventory);</action>
				<remove object="this" />
				<item eval="this.info.id" value="this.health">
					<parameter id="f" value="Std.string(this.fuel)" />
					<parameter id="l" value="this.equipment.getItemId('attack')" />
					<parameter id="p" value="this.equipment.getItemId('blink')" />
					<parameter id="z" value="this.equipment.getItemId('pickaxe')" />
				</item>
			</section></invokeLater>
		</listItem>
		<onDismount><stop if="this._isFlying()" /></onDismount>
		<init>
			<set id="partial" value="0" /><set id="grav" value="0" /><set id="blink_count" value="1" />
		</init>
		<positionChanged>
			<action if="this._isFlying()">this.hideTooltip();</action>
			<run procedure="checkJumpingObject" if="this.isPlayer(true)"/>
		</positionChanged>
		<onFrame>
			if(!this._isFlying() && blink_count &lt;=0 ) blink_count=1;
		</onFrame>
		<collectBounds x="-8" y="-8" width="32" height="32" />
		<slot id="attack" /><slot id="blink" /><slot id="pickaxe" />
		<attack useDefend="true" type="melee" damage="0" sfx="laser" cost="25" available="this.equipment.getItem('blink')!=null && blink_count > 0" animation="move" cooldown="50">
			<pre>
				<set id="tool" value="this.equipment.getItem('blink')" />
				<set id="baseRange" value="tool.info.range" />
				<set id="shadow" value="tool.info.xml.get('throughShadowWall') == 'true'" />
				<set id="blinkRange" value="getJumpsuitBlinkRange(this, baseRange, shadow)*this.getDX()" />
				<action if="tool.info.attack > 0">
					sharpBlinkAttack(this,blinkRange,tool.info.attack);
				</action>
				<set id="screenX" value="area.renderer.x" />
				<set id="screenY" value="area.renderer.y" />
				<action>
					this.setPosition(this.xPos+blinkRange,this.yTile);
					this.smoothCamera(screenX,screenY);
				</action>
				<action>blink_count--;</action>
			</pre>
		</attack>
		<ability hotkey="8" icon="bombardment.ico" animation="item6" cost="0" available="this.renderer != null && !this.renderer.attacking && this.area != null && this.area.id == 'venometo'">
			<section with="fade" if='player.areas.exists("venometo.orbit.station")'>
				<teleport area="venometo.orbit.station" x="130" y="53" />
				<action>this.renderer.alpha = 0;</action>
				<hitEffect object="this" tile="alchemist" animation="alchemist.teleport" runPaused="true" />
				<lerp object="this" alpha="1" seconds="0.5" modal="true" />
			</section>
		</ability>
		<light tile="light.headlamp" offsetX="-40" />
	</vehicle>

	<vehicle id="jumpsuit2" extends="jumpsuit" health="350" resistPoison="3"/>
	<vehicle id="jumpsuit3" extends="jumpsuit" health="400" resistPoison="5"/>
	<vehicle id="jumpsuit4" extends="jumpsuit" health="450" resistPoison="10"/>
	<vehicle id="jumpsuit5" extends="jumpsuit" health="500" resistPoison="true"/>
	<vehicle id="jumpsuit.sub" extends="jumpsuit" health="400" resistPoison="true" underwater="true" max_depth="160"/>

	<vehicle id="submersible" extends="submersible" resistPoison="1" />

	<item id="jumpsuit" type="object" cost="0" weight="25" icon="spacefarer.ico" animation="item31" durability="300" durabilityName="common.health" durabilityIcon="vehicle_health" name="vehicle.jumpsuit">
		<action id="plant" name="vehicle.deploy" object="jumpsuit" onGrass="false" overlapBlueprints="true" overlapStructures="true" removeBushes="false" underground="true">
			<action>
				object.setHealth(this.getFeed());
				f = Item.getParameter(this.getNameStr(), "f");
				if(f != null) object.setFuel(Std.parseInt(f));
				l = Item.getParameter(this.getNameStr(), "l");
				p = Item.getParameter(this.getNameStr(), "p");
				z = Item.getParameter(this.getNameStr(), "z");
			</action>
			<equip eval="l" to="object" fromInventory="false" if="l != null" />
			<equip eval="p" to="object" fromInventory="false" if="p != null" />
			<equip eval="z" to="object" fromInventory="false" if="z != null" />
		</action>
		<action id="feed" alt="feed_all" alt_name="repair_all" name="repair" full="warning.max_repair" auto="common.auto_repair" select="actions.repair" sfx="workshop" />
		<food id="iridium" value="150" />
	</item>

	<item id="jumpsuit2" extends="jumpsuit" extendAppend="true" durability="350" name="vehicle.jumpsuit2">
		<action extends="plant" object="jumpsuit2" />
	</item>
	<item id="jumpsuit3" extends="jumpsuit" extendAppend="true" durability="400" name="vehicle.jumpsuit3">
		<action extends="plant" object="jumpsuit3" />
	</item>
	<item id="jumpsuit4" extends="jumpsuit" extendAppend="true" durability="450" name="vehicle.jumpsuit4">
		<action extends="plant" object="jumpsuit4" />
	</item>
	<item id="jumpsuit5" extends="jumpsuit" extendAppend="true" durability="500" name="vehicle.jumpsuit5">
		<action extends="plant" object="jumpsuit5" />
	</item>
	<item id="jumpsuit.sub" extends="jumpsuit" extendAppend="true" durability="400" name="vehicle>jumpsuit.sub">
		<action extends="plant" object="jumpsuit.sub" />
	</item>

<!-- vehicle equipment -->
	<tile id="purifisaber" sheet="{mod:full_version}/backer_weapons/sheet.1" x="7" offsetX="-14" offsetY="-8" />
	<tile id="purifisaber2" equals="purifisaber" />
	<tile id="purifisaber3" equals="purifisaber" />
	<tile id="purifisaber4" equals="purifisaber" />
	<animation id="equipment.purifisaber" x="0" count="10" shift="2" />
	<animation id="equipment.purifisaber.idle" x="10" count="4" />

	<item id="purifisaber" type="equipment" slot="attack" equipOn="jumpsuit" cost="0" power="10" weight="0" attack="6" icon="laser_sword.ico" sfx="laser" underwater="true">
		<equipOn id="jumpsuit2" /><equipOn id="jumpsuit3" />
		<equipOn id="jumpsuit4" /><equipOn id="jumpsuit5" /><equipOn id="jumpsuit.sub" />
	</item>
	<item id="purifisaber2" extends="purifisaber" attack="9" />
	<item id="purifisaber3" extends="purifisaber" attack="12" />
	<item id="purifisaber4" extends="purifisaber" attack="16" />

	<item id="purificannon" type="equipment" slot="attack" equipOn="jumpsuit" cost="0" power="15" weight="0" attack="12" icon="laser_gun.ico" tile="laser_gun" equip_anim="laser_gun" sfx="laser" underwater="true">
		<projectile tile="laser_bolt" animation="laser_bolt" speed="5" offsetY="6">
			<hitEffect tile="laser_bolt" animation="laser_bolt.impact" color="ff9999" />
		</projectile>
		<equipOn id="jumpsuit2" /><equipOn id="jumpsuit3" />
		<equipOn id="jumpsuit4" /><equipOn id="jumpsuit5" /><equipOn id="jumpsuit.sub" />
	</item>

	<item id="blinker" icon="magic_box.ico" type="equipment" slot="blink" equipOn="jumpsuit" cost="0" power="25" range="5">
		<equipOn id="jumpsuit2" /><equipOn id="jumpsuit3" />
		<equipOn id="jumpsuit4" /><equipOn id="jumpsuit5" /><equipOn id="jumpsuit.sub" />
	</item>
	<item id="blinker2" extends="blinker" throughShadowWall="true" />
	<item id="blinker.spike" extends="blinker" attack="12" />

	<tile id="jumpsuit_drill" sheet="{mod:full_version}/items/weps.png" x="12" />
	<tile id="jumpsuit_drill2" equals="jumpsuit_drill" />
	<animation id="equipment.jumpsuit_drill" x="6" count="1" length="6">
		<append tile="laser_drill" animation="laser_drill.on" behind="true" />
	</animation>
	<animation id="equipment.jumpsuit_drill.idle" x="6" count="1" />

	<item id="jumpsuit_drill" type="equipment" slot="pickaxe" equipOn="jumpsuit" mine="3" weight="0" icon="laser_drill.ico" loop="laserdrill">
		<equipOn id="jumpsuit2" /><equipOn id="jumpsuit3" />
		<equipOn id="jumpsuit4" /><equipOn id="jumpsuit5" /><equipOn id="jumpsuit.sub" />
		<onEquip><action>object.mine_power = this.info.mine; object.mineSlot = "pickaxe";</action></onEquip>
		<onUnequip><action>object.mine_power = 0; object.mineSlot = null;</action></onUnequip>
	</item>
	<item id="jumpsuit_drill2" extends="jumpsuit_drill" mine="7" icon="exo_drill.ico" />
</data>
