<?xml version="1.0" encoding="utf-8" ?>
<data>
	<recipe id="craft_venom_module" creates="venom_module" type="toxic_lab" available="getFlag('venometo_ending')">
		<type id="no_uncraft" />
		<item id="ship_parts" count="1" />
		<item id="lustratium" count="3" />
		<item id="iridium" count="3" />
		<item id="actinium" count="1" />
	</recipe>
	<recipe id="upgrade_purifisaber2" creates="purifisaber2" type="toxic_lab">
		<type id="no_uncraft" />
		<item id="purifisaber" count="1" />
		<item id="venom_module" count="1" />
		<item id="sludge" count="15" />
	</recipe>
	<recipe id="upgrade_purifisaber3" creates="purifisaber3" type="toxic_lab">
		<type id="no_uncraft" />
		<item id="purifisaber2" count="1" />
		<item id="venom_module" count="2" />
		<item id="sludge" count="10" />
		<item id="toxin_sac" count="15" />
	</recipe>
	<recipe id="upgrade_purifisaber4" creates="purifisaber4" type="toxic_lab">
		<type id="no_uncraft" />
		<item id="purifisaber3" count="1" />
		<item id="venom_module" count="3" />
		<item id="toxin_sac" count="15" />
		<item id="plask_shard" count="25" />
	</recipe>
<!--
	<recipe id="craft_purificannon" creates="purificannon" type="toxic_lab" available="getFlag('purificannon')">
		<type id="no_uncraft" />
		<item id="ancient_gunbarrel" count="1" />
		<item id="venom_module" count="2" />
		<item id="lustratium" count="20" />
	</recipe>
	<recipe id="craft_purificannon2" creates="purificannon" type="toxic_lab" available="player.hasSeenItem('purificannon')">
		<type id="no_uncraft" />
		<item id="venom_module" count="2" />
		<item id="moissanite" count="10" />
		<item id="lustratium" count="20" />
		<item id="sulfur" count="10" />
	</recipe>
-->

	<recipe id="craft_jumpsuit" creates="jumpsuit" type="toxic_lab">
		<type id="drone_lab" /><type id="no_uncraft" />
		<item id="spacefarer" count="1" />
		<item id="lustratium" count="5" />
	</recipe>
	<recipe id="craft_purifisaber" creates="purifisaber" type="toxic_lab" available="player.hasSeenItem('purifisaber')">
		<type id="no_uncraft" />
		<item id="laser_sword" count="1" />
		<item id="sludge" count="5" />
	</recipe>
	<recipe id="craft_jumpsuit_drill" creates="jumpsuit_drill" type="toxic_lab" available="player.hasSeenItem('jumpsuit_drill')">
		<type id="no_uncraft" />
		<item id="laser_drill" count="1" />
		<item id="lustratium" count="5" />
	</recipe>
	<recipe id="upgrade_jumpsuit_drill" creates="jumpsuit_drill2" type="toxic_lab" available="player.hasSeenItem('jumpsuit_drill2')">
		<type id="no_uncraft" />
		<item id="jumpsuit_drill" count="1" />
		<item id="iridium" count="5" />
	</recipe>
	<recipe id="craft_blinker" creates="blinker" type="toxic_lab" available="player.hasSeenItem('blinker')">
		<type id="no_uncraft" />
		<item id="ship_parts" count="2" />
		<item id="exotic_matter" count="1" />
	</recipe>
	<recipe id="upgrade_blinker" creates="blinker2" type="toxic_lab" available="player.hasSeenItem('blinker2')">
		<type id="no_uncraft" />
		<item id="blinker" count="1" />
		<item id="exotic_matter" count="3" />
		<item id="toxin_sac" count="5" />
	</recipe>
</data>
