<?xml version="1.0" encoding="utf-8" ?>
<items>
	<tilesheet id="items.png" width="16" height="10" />
	<tile id="lustratium.ico" sheet="items.png" x="0" />
	<tile id="iridium.ico" sheet="items.png" x="1" />
	<tile id="actinium.ico" sheet="items.png" x="10" />
	<tile id="sludge.ico" sheet="items.png" x="20" />
	<tile id="toxin_sac.ico" sheet="items.png" x="21" />
	<tile id="plask_shard.ico" sheet="items.png" x="22" />
	<tile id="venom_module.ico" sheet="items.png" x="23" />
	<item id="lustratium" type="resource" cost="200" weight="5" icon="lustratium.ico" />
	<item id="iridium" type="resource" cost="750" weight="5" icon="iridium.ico" animation="item9" />
	<item id="actinium" type="resource" cost="1000" weight="5" icon="actinium.ico" animation="item10"/>
	<item id="sludge" type="potion" cost="50" weight="1" icon="sludge.ico" />
	<item id="toxin_sac" type="potion" cost="75" weight="1" icon="toxin_sac.ico" />
	<item id="plask_shard" type="potion" cost="100" weight="1" icon="plask_shard.ico" />
	<item id="venom_module" type="potion" cost="1200" weight="20" icon="venom_module.ico" />
</items>
