<?xml version="1.0" encoding="utf-8" ?>
<data>
	<include id="com_station.xml" />
    <structure id="checkpoint" width="16" height="32" image="save_point.png" sleep="true" jumpingVehicle="true">
		<operate>
			<set id="vehicle" value="player.vehicle" />
			<save fakeDismount="true" />
			<action>setCheckPoint(this.tile_x,this.tile_y)</action>
			<action if="vehicle != null">vehicle.mount(player);</action>
		</operate>
		<light tile="light.medium" color="3dff81" offsetX="0" offsetY="8" />
	</structure>

    <structure id="venometo_entrance" tile="interstellar_teleportal" jumpingVehicle="true" name="operate">
		<operate>
			<teleport area="venometo" x="235" y="-227" />
		</operate>
	</structure>
</data>
