<?xml version="1.0" encoding="utf-8" ?>
<areas>
	<include id="outpost.xml" />
	<include id="planet.xml" />
	<include id="parallax.xml" />

	<action>
		POISON_IMMUNE=2147483647;
		function resistPoison(target)
		{
			var poisonStat=target.info.xml.get('resistPoison');
			if(poisonStat == 'true') return POISON_IMMUNE;
			else if(Std.parseInt(poisonStat) != null) return Std.parseInt(poisonStat);
			else return -1;
		}
		function venometo_chest_items(this){
			var r = random(); if(r &lt; 0.2) this.inventory.addItems(Item.get("lustratium"), 5);
			else if(r &lt; 0.4) this.inventory.addItems(Item.get("iridium"), 3);
			else if(r &lt; 0.5) this.inventory.addItems(Item.get("actinium"), 2);
			else if(r &lt; 0.6) this.inventory.addItems(Item.get("ship_parts"), 1);
			else if(r &lt; 0.7) this.inventory.addItems(Item.get("electric_eel"), 1);
			else if(r &lt; 0.8) this.inventory.addItems(Item.get("exotic_matter"), 1);
			else if(r &lt; 0.95) this.inventory.addItems(Item.get("o2_canister"), 2);
			else this.inventory.addItems(Item.get("toxic_module"), 1);
		}
	</action>

	<object id="venometo.air" width="7680" height="7200" overlapVehicle="true">
		<overSecond>
			<set id="target" value="player.vehicle == null?player:player.vehicle" />
			<set id="resistValue" value="resistPoison(target)" />
			<stop if="resistValue == POISON_IMMUNE" />
			<damage object="target" damage="100" ignoreDefense="true" directional="false" critical="false" if="resistValue &lt; 0"/>
			<action if="resistValue > 0">
				var reducer=Math.max(Math.round(10/resistValue),1);
				if(player.vehicle == null) target.loseStamina(reducer);
				else{
					if(target.getFuel() > 0) target.useFuel(reducer);
					else target.loseHealth(reducer);
				}
			</action>
		</overSecond>
	</object>

	<area id="venometo.sand_left" width="4" height="147">
		<tiles id="sand" start="0" end="1"/>
		<tiles id="blackstone" y="146" />
	</area>

	<area id="venometo.surface" width="160" height="150">
		<tiles id="scorched.dirt" y="0" empty="true" />
		<tiles id="desert.dirt" start="0" end="0.1" empty="true" />
		<tiles id="depths.dirt" start="0.1" end="0.6" empty="true" />
		<tiles id="unnature.stone" start="0.6" end="1" empty="true"/>
		<tiles id="blackstone" y="149" />

		<shore x="160" top="sand_top" bottom="sand" trans1="desert.dirt_sand1" trans2="desert.dirt_sand3" dock="dock_empty_flip" />
		<appendArea id="venometo.sand_left" offsetX="-4" offsetY="3" />
		<set id="underwater_chest_items" value="venometo_chest_items" />
		<appendArea id="sea_floor" offsetY="54"><params area_left="-160" area_right="320" area_width="160" area_height="96" /></appendArea>

		<ore id="coal" start="0.0" end="0.1" percent="0.0175" tile="desert.dirt" />
		<ore id="iron" start="0.0" end="0.1" percent="0.0125" tile="desert.dirt" />
		<ore id="sulfur" start="0.0" end="0.1" percent="0.00625" tile="desert.dirt" />

		<ore id="iron" start="0.1" end="0.4" percent="0.025" tile="depths.dirt" />
		<ore id="lustratium" start="0.1" end="0.6" percent="0.02" tile="depths.dirt" />
		<ore id="titanium" start="0.3" end="0.6" percent="0.0125" tile="depths.dirt" />
		<ore id="iridium" start="0.5" end="0.6" percent="0.00625" tile="depths.dirt" />

		<ore id="lustratium" start="0.6" end="0.8" percent="0.02" tile="unnature.stone" />
		<ore id="titanium" start="0.6" end="0.7" percent="0.0125" tile="unnature.stone" />
		<ore id="iridium" start="0.6" end="1.0" percent="0.0175" tile="unnature.stone" />
		<ore id="uranium" start="0.7" end="1.0" percent="0.01" tile="unnature.stone" />
		<ore id="actinium" start="0.9" end="1.0" percent="0.00625" tile="unnature.stone" />
		<ore id="exotic_matter" start="0.9" end="1.0" count="10" tile="unnature.stone" />

		<ore id="toxic_lava" start="0.7" end="0.8" percent="1" tile="unnature.stone" />
		<ore id="toxic_lava" start="0" end="1" percent="1" tile="blackstone" />

	</area>


	<area id="venometo" width="480" height="150" background="venometo" placeLadder="false" looping="true" planet="venometo" name="system.planet.venometo">
		<tiles from="world.png" x="0" y="-360">
			<!-- base -->
			<tile id="depths.dirt" color="df94ef" />
			<tile id="unnature.stone" color="6aa9ef" />
			<tile id="shadow_wall" color="6a4dff" />

			<tile color="ff0000">area.addObject(ObjectInfo.make("spike_trap", x*Tile.SIZE, y*Tile.SIZE))</tile>
			<tile color="df0000">area.addObject(ObjectInfo.make("spike_trap2", x*Tile.SIZE, y*Tile.SIZE))</tile>
			<tile id="empty" color="960000">area.addObject(ObjectInfo.make("plasma_trap", x*Tile.SIZE, y*Tile.SIZE))</tile>
			<tile id="empty" color="960071">area.addObject(ObjectInfo.make("flip_trap1", x*Tile.SIZE, y*Tile.SIZE))</tile>
			<tile id="empty" color="633300">area.addObject(ObjectInfo.make("flip_trap2", x*Tile.SIZE, y*Tile.SIZE))</tile>
			<tile color="00ffaa">getStructure("checkpoint").build(null, area, x*Tile.SIZE, y*Tile.SIZE);</tile>

			<!-- area 0 -->
			<tile id="empty" color="000000">setOre(x,y,'venometo.ruin')</tile>
			<tile id="venometo.ruin" color="444444" layer="back" />
			<tile id="venometo.ruin_ladder" color="777777" layer="back" />
			<!-- area 1 -->
			<tile id="empty" color="00b17a">setOre(x,y,'venometo.corrupt')</tile>
			<tile id="venometo.corrupt" color="009465" layer="back" />
			<tile id="venometo.corrupt_ladder" color="1ce5a5" layer="back" />
			<!-- area 2 -->
			<tile id="empty" color="edd0aa">setOre(x,y,'venometo.limestone')</tile>
			<tile id="venometo.limestone_ladder" color="f6e2c8" layer="back" />
			<!-- area 3 -->
			<tile id="empty" color="4282bd">setOre(x,y,'venometo.factory')</tile>
			<tile id="venometo.factory" color="306fa9" layer="back" />
			<tile id="venometo.factory_ladder" color="739fc8" layer="back" />
		</tiles>
		<action>
			for(y in -370...3) for(x in 0...480) area.setLit(x, y);
		</action>
		<appendArea id="venometo.surface" offsetX="160" offsetY="0" />
		<object id="venometo.air" x="0" y="0" />
		<init><runAreaLoad /></init>
		<onLoad>
			<music id="earth_ruins" seconds="1" />
			<weather type="fog" alpha="0.4" color="00ac40" x="-100" y="-50" width="210" height="52" dx="0.3" />
			<weather type="fog" alpha="0.4" color="00ac40" x="230" y="-50" width="350" height="52" dx="0.3" />
		</onLoad>
	</area>

	<onLoad>
		<displayAction>
			if(area.id == 'venometo' && player.vehicle == null)
			{
				var suit=player.getOverlappingObjects(function(o){return o.mount != null;});
				if(suit.length > 0) suit[0].mount(player);
			}
		</displayAction>
	</onLoad>
</areas>
