<?xml version="1.0" encoding="utf-8" ?>
<data>
	<structure id="venometo_base" extends="station.module" tile="station.module.xlarge" />

	<structure id="venometo_base.interior" extends="station.module.interior" tile="station.module.xlarge.interior">
		<exit x="-1" y="4" height="2" /><exit x="width" y="4" height="2" />
		<vexit x="9" y="-1" width="2" /><vexit x="9" y="height" width="2" />

		<addedToArea><section if="built">
			<action if="built">var h = Math.round(this.info.height/Tile.SIZE)-2; var tx = this.tile_x+1; var ty = this.tile_y-h; for(x in 0...2){setTile(tx+x, ty, "empty"); setTile(tx+18+x, ty, "empty");}</action>
			<object id="medical_bot" x="this.tile_x+5.5" y="this.tile_y-1.5" />
			<structure id="bunker_depot" x="this.tile_x+1" y="this.tile_y-1" />
			<structure id="venometo_entrance" x="this.tile_x+9" y="this.tile_y-1" />
			<object id="rein" x="this.tile_x+15" y="this.tile_y-1" />
<!--
			<tiles from="outpost.png" x="this.tile_x+1" y="this.tile_y-10"><tile id="empty" color="000000" /><tile id="no_place" color="ff0000" layer="back" /></tiles>
-->
		</section></addedToArea>
	</structure>
</data>
