<?xml version="1.0" encoding="utf-8" ?>
<data>
	<tile id="venometo.fogs" sheet="{mod:full_version}/space/sol/bg.4" x="0" />
	<animation id="venometo.fogs" count="1" color="00ac40" colorScale="2" />

	<procedure id="venometo.sky">
		<layer p="0" day="true">
			<tile sheet="bg.png" x="0" y="0" />
			<rect color="7e61e2" x="0" y="80" width="256" height="64" />
		</layer>
		<layer p="0" day="false" storm="false" glow="true" max_depth="51"><tile sheet="{core}/start/parallax/night_bg.png" x="0" y="0" /></layer>
		<layer p="0" storm="false">
			<tile id="sun" animation="sun" fps="5" rise="5" set="20" dir="left" pathHeight="96" pathTop="-16" sun="true" />
		</layer>
		<layer p="0" storm="false">
			<clouds>
				<tile id="cloud1"/>
				<tile id="cloud2"/>
				<tile id="cloud3"/>
			</clouds>
		</layer>
		<layer p="0" storm="false" glow="moon">
			<tile id="start_moon2" rise="19" set="6" dir="left" pathHeight="96" pathTop="-16" />
		</layer>
	</procedure>

	<parallax id="venometo" mapBG="591b9d" mapBGHeight="300" waterLevel="0">
		<run procedure="venometo.sky" />
		<layer p="0.046875" py="0.09375" scroll="0.0625">
			<tile sheet="{core}/start/parallax/tiles256.png" x="0"/>
		</layer>
		<layer p="0.075" py="0.125">
			<tile sheet="{mod:full_version}/space/sol/bg.2" x="1" loop="false" offsetX="230" />
		</layer>
		<layer p="0.09375" py="0.1875" scroll="0.125">
			<tile sheet="{core}/start/parallax/tiles256.png" x="1" dy="8" />
		</layer>
		<layer p="0.125" py="0.3">
			<tile sheet="{mod:full_version}/space/sol/bg.4" x="4" offsetX="250" loop="false" />
		</layer>

		<layer p="0.11" py="0.375" max_depth="-220" scale_py="true">
			<tile sheet="{mod:full_version}/space/sol/bg.2" x="1" offsetX="340" loop="false" dy="-1350" />
		</layer>
		<layer p="0.2" py="0.75"  max_depth="-220" scale_py="true">
			<tile sheet="{mod:full_version}/space/sol/bg.4" x="4" offsetX="450" offsetY="-40" loop="false" dy="-2670" />
		</layer>
		<layer p="0.8" py="1">
			<tile sheet="{mod:full_version}/space/sol/bg.4" x="2" loop="false" offsetX="2000" offsetY="-3759" />
			<tile sheet="{mod:full_version}/space/sol/bg.4" x="3" loop="false" offsetX="3250" offsetY="-3759" />
		</layer>


		<layer p="0.125" py="0.5" scroll="-0.125" layerWidth="524" layerHeight="144" scale_py="true">
			<tile id="venometo.fogs" animation="venometo.fogs" offsetY="-1840"/>
			<tile id="venometo.fogs" animation="venometo.fogs" offsetX="-524" offsetY="-1840"/>
		</layer>
		<layer p="0.125" py="0.5" scroll="-0.125" layerWidth="524" layerHeight="144">
			<tile id="venometo.fogs" animation="venometo.fogs" offsetY="-300"/>
			<tile id="venometo.fogs" animation="venometo.fogs" offsetX="-524" offsetY="-300"/>
		</layer>
		<layer p="0.125" py="0.8" scroll="-0.125" layerWidth="524" layerHeight="144" >
			<tile id="venometo.fogs" animation="venometo.fogs"/>
			<tile id="venometo.fogs" animation="venometo.fogs" offsetX="-524"/>
		</layer>

		<layer p="0.125" py="0.4" scroll="0.0625" x="76" width="328">
			<tile sheet="{mod:full_version}/science2/parallax/clouds.png" x="2" dy="-512" />
			<tile sheet="{mod:full_version}/science2/parallax/clouds.png" x="3" dy="-300" />
		</layer>
		<layer p="0.25" py="0.8" scroll="0.125" x="76" width="328">
			<tile sheet="{mod:full_version}/science2/parallax/clouds.png" x="2" dy="-600" />
		</layer>
		<layer top="true" p="1" py="1" scroll="0.25" x="76" width="328" alpha="0.75">
			<tile sheet="{mod:full_version}/science2/parallax/clouds.png" x="1" dy="-750" />
		</layer>

		<layer p="0.4" py="0.8">
			<tile sheet="{mod:full_version}/space/sol/bg.4" x="2" offsetX="200" loop="false" dy="-2" />
			<tile sheet="{mod:full_version}/space/sol/bg.4" x="3" offsetX="1500" loop="false" dy="-2" />
			<tile sheet="{mod:full_version}/space/sol/bg.4" x="2" offsetX="2200" loop="false" dy="-2" />
		</layer>
		<layer p="0.75" py="1">
			<tile sheet="{core}/science1/parallax/desert.png" x="0" y="0" offsetX="2700" loop="false" offsetY="-26" />
			<tile sheet="{core}/science1/parallax/desert.png" x="0" y="2" offsetX="3100" loop="false" offsetY="-26" />
			<tile sheet="{core}/science1/parallax/desert.png" x="0" y="1" offsetX="3500" loop="false" offsetY="-26" />
		</layer>
		<layer type="back" />

		<layer type="water" image="{core}/start/parallax/water.png" max_depth="9600" background="0b3a5a" offsetY="12" />
		<layer type="waves" image="{core}/start/parallax/waves.png" wave_height="4" />
		<layer p="0.0625" py="0.09375" overWater="true" glow="true" scale_py="true">
			<tile sheet="{mod:full_version}/space/depths/bg.2" x="2" dy="144" />
			<rect color="185278" x="-256" y="288" width="512" height="144" loop="true" />
		</layer>
		<layer p="0.25" overWater="true" glow="true" scale_py="true" layerWidth="512">
			<tile sheet="{mod:full_version}/space/depths/bg.2" x="0" dy="500" />
			<tile sheet="{mod:full_version}/space/depths/bg.2" x="1" offsetX="256" dy="500" />
			<rect color="15093f" x="-512" y="644" width="768" height="144" loop="true" />
		</layer>
		<layer p="1" overWater="true" glow="true" scale="8" scale_py="true">
			<tile sheet="{mod:full_version}/space/depths/bg.6" x="0" dy="192" />
			<rect color="0" x="-32" y="336" width="64" height="256" loop="true" />
		</layer>
        <layer p="0.6" py="1" overWater="true" layerWidth="256" layerHeight="144" onTop="true" scroll="-0.125" glow="true" scale_py="true">
			<tile id="fish_bg" animation="item8" fps="3" offsetX="0" offsetY="1428" /><tile id="fish_bg" animation="item8" fps="3" offsetX="-256" offsetY="1428" />
		</layer>
	</parallax>
</data>