<?xml version="1.0" encoding="utf-8" ?>
<areas>
	<planet id="venometo" height="370">
		<orbit id="venometo.orbit" width="256" height="64" background="depths.orbit" name="system.planet.venometo_orbit" type="none" distress="!getFlag('venometo_ending')">
			<area id="venometo" x="0" />
			<structure id="venometo_base" x="120" y="54" />
			<init><runAreaLoad /></init>
			<onLoad><music id="orbit" seconds="1" /><radar tile="orbit.radar" animation="orbit.radar" padding="2" /></onLoad>
		</orbit>
	</planet>

	<animation id="planet.venometo">
		<append tile="planet7" animation="single" color="483698" colorScale="2" />
		<append tile="planet7.land1" animation="single" color="ccb59b" colorScale="2" />
		<append tile="planet7.clouds" animation="single" color="e6aeff"/>
		<append tile="planet7.shadow" animation="single" /><frame visible="false" />
	</animation>

	<animation id="venometo.star" count="1" color="66ff99" />
	<system id="venometo" bgm="voyage" x="175" y="120" animation="venometo.star">
		<planet id="venometo" tile="planet7" animation="planet.venometo" orbit="orbit3" orbitOffX="-20" orbitOffY="-23" offsetX="13" offsetY="15" name="system.planet.venometo" />
	</system>
</areas>
