<?xml version="1.0" encoding="utf-8" ?>
<mod>
	<name>Venometo</name>
	<description>Explore the mysterious planet that has been destroyed by a toxic gas.</description>
	<author>Lybell</author>
	<version>alpha_0.1.1</version>
	<requires>Full Version</requires>
	<init>
		<include id="lang/languages.xml" />
		<include id="tiles/tiles.xml" />
		<include id="items/items.xml" />
<!--		<include id="enemies/enemies.xml" /> -->
		<include id="structures/structures.xml" />
		<include id="vehicles/vehicles.xml" />
		<include id="npcs/npcs.xml" />
		<include id="items/crafting.xml" />
		<include id="areas/areas.xml" />
	</init>
</mod>
