<?xml version="1.0" encoding="utf-8" ?>
<tiles>
	<tilesheet id="tiles.png" width="16" height="16" />
	<tilesheet id="platform8.png" width="8" height="8" />
	<tilesheet id="platform16.png" width="16" height="8" />

	<autotile id="platform">
		<group>
			<tile neighbors="top" x="1" />
			<tile x="0" />
		</group>
		<group>
			<tile neighbors="nbottom,left,right" x="4" offsetY="8" />
			<tile neighbors="nbottom,left" x="5" offsetY="8" />
			<tile neighbors="nbottom,right" x="3" offsetY="8"/>
			<tile neighbors="nbottom" x="2" offsetY="8"/>
			<tile neighbors="bottom" x="4" offsetY="8"/>
		</group>
	</autotile>

	<autotile id="platform2">
		<group>
			<tile neighbors="top" x="0" y="0" />
			<tile neighbors="ntop" x="0" y="2" />
		</group>
		<group>
			<tile neighbors="ntop,right" x="1" y="2" offsetX="8" />
			<tile neighbors="top,right" x="1" y="0" offsetX="8" />
			<tile neighbors="ntop" x="2" y="2" offsetX="8" />
			<tile neighbors="top" x="2" y="0" offsetX="8" />
		</group>
		<group>
			<tile neighbors="nbottom,left" x="0" y="4" offsetY="8" />
			<tile neighbors="nbottom" x="0" y="3" offsetY="8"/>
			<tile neighbors="bottom" x="0" y="1" offsetY="8"/>
		</group>
		<group>
			<tile neighbors="nbottom,right" x="1" y="3" offsetX="8" offsetY="8"/>
			<tile neighbors="nbottom" x="2" y="3" offsetX="8" offsetY="8"/>
			<tile neighbors="bottom,right" x="1" y="1" offsetX="8" offsetY="8"/>
			<tile neighbors="bottom" x="2" y="1" offsetX="8" offsetY="8"/>
		</group>
	</autotile>

	<tile id="venometo.ruin">
		<tile sheet="platform8.png" x="0" autotile="platform2">
			<neighbor id="venometo.corrupt" />
			<neighbor id="venometo.limestone" />
			<neighbor id="venometo.factory" />
		</tile>
	</tile>
	<tile id="venometo.corrupt">
		<tile sheet="platform16.png" x="0" autotile="platform">
			<neighbor id="venometo.ruin" />
			<neighbor id="venometo.limestone" />
			<neighbor id="venometo.factory" />
		</tile>
	</tile>
	<tile id="venometo.limestone">
		<tile sheet="platform16.png" x="6" autotile="platform">
			<neighbor id="venometo.ruin" />
			<neighbor id="venometo.corrupt" />
			<neighbor id="venometo.factory" />
		</tile>
	</tile>
	<tile id="venometo.factory">
		<tile sheet="platform16.png" x="12" autotile="platform">
			<neighbor id="venometo.ruin" />
			<neighbor id="venometo.corrupt" />
			<neighbor id="venometo.limestone" />
		</tile>
	</tile>
	<tile id="venometo.ruin_ladder" sheet="tiles.png" x="0" />
	<tile id="venometo.corrupt_ladder" sheet="tiles.png" x="1" />
	<tile id="venometo.limestone_ladder" sheet="tiles.png" x="2" />
	<tile id="venometo.factory_ladder" sheet="tiles.png" x="3" />
	<tile id="lustratium" sheet="tiles.png" x="4" />
	<tile id="iridium" sheet="tiles.png" x="13" />
	<tile id="actinium" sheet="tiles.png" x="22" />
	<tile id="toxic_lava" sheet="tiles.png" x="31" />
	<tilesheet id="toxic_lava.png" width="32" height="32" />
	<tile id="toxic_lava.light" sheet="toxic_lava.png" offsetX="-8" offsetY="-8" />
	<ore id="toxic_lava" damage="10" hitEffect="acid" element="plant" light="toxic_lava.light" />
	<tile id="flip_trap1" sheet="tiles.png" x="40" />
	<tile id="flip_trap2" sheet="tiles.png" x="45" />
	<tile id="plasma_trap" sheet="tiles.png" x="50" />
	<tile id="shadow_wall" sheet="tiles.png" x="55" />
	<tile id="spike" sheet="tiles.png" x="56" />
	<tile id="spike_float" sheet="tiles.png" x="57" />

	<include id="traps.xml" />
</tiles>
