<?xml version="1.0" encoding="utf-8" ?>
<data>
	<action>
		function setCheckPoint(x,y)
		{
			var state=getLocalPlayer().state;
			state.setVar("venometo.checkpointX",x);
			state.setVar("venometo.checkpointY",y);
		}
		function resetCheckPoint(e)
		{
			var state=getLocalPlayer().state;
			state.vars.remove("venometo.checkpointX");
			state.vars.remove("venometo.checkpointY");
		}
		function getLastCheckPoint()
		{
			var state=getLocalPlayer().state;
			if(state.hasVar("venometo.checkpointX") && state.hasVar("venometo.checkpointY")) return [state.getVar("venometo.checkpointX"),state.getVar("venometo.checkpointY")];
			return null;
		}
		function getReturnPos(target)
		{
			var res=getLastCheckPoint();
			if(res != null) return res;
			var struc=target.findClosestStructure(function(s){return s.info.id =="checkpoint";});
			if(struc != null) return [struc.tile_x,struc.tile_y];
			if(target.area.id == "venometo") return [235,-227];
			return [0,-1];
		}
	</action>

	
	<enemy id="spike_trap" tile="spike" type="trap" friendlyFire="false" overlapVehicle="true">
		<initRenderer>
			<action>
				if(this.area.getTileId(this.tile_x,this.tile_y+1,0) >= 0) this.renderer.set_rotation(0); 
				else if(this.area.getTileId(this.tile_x-1,this.tile_y,0) >= 0) this.renderer.set_rotation(90);
				else if(this.area.getTileId(this.tile_x,this.tile_y-1,0) >= 0) this.renderer.set_rotation(180);
				else if(this.area.getTileId(this.tile_x+1,this.tile_y,0) >= 0) this.renderer.set_rotation(270);
			</action>
		</initRenderer>
		<over>
			<set id="target" value="player.vehicle == null?player:player.vehicle" />
			<damage object="player" damage="50" directional="false" critical="false" />
			<set id="returnPos" value="getReturnPos(target)" />
			<teleport area="area.id" x="returnPos[0]" y="returnPos[1]" with="fade"/>
		</over>
	</enemy>

	<enemy id="spike_trap2" extends="spike_trap" tile="spike_float">
		<initRenderer><stop /></initRenderer>
	</enemy>

	<animation id="plasma_shock1" x="46" count="4" />
	<animation id="plasma_shock2" x="50" count="2"><frame visible="false" /></animation>
	<animation id="plasma_shock3" x="52" count="1">
		<frame visible="false" /><frame x="53" /><frame visible="false" /><frame x="54" />
	</animation>
	<animation id="plasma_trap.idle" equals="single" />
	<animation id="plasma_trap.pre_attack" x="0" count="4" length="3" />
	<animation id="plasma_trap.attack" x="4" count="1" length="4">
		<append tile="hi_alien" animation="plasma_shock1" behind="true" />
	</animation>
	<animation id="plasma_trap.attack2" x="4" count="1" length="3">
		<append tile="hi_alien" animation="plasma_shock2" behind="true" />
	</animation>
	<animation id="plasma_trap.attack3" x="4" count="1" length="5">
		<append tile="hi_alien" animation="plasma_shock3" behind="true" />
	</animation>

	<action>
		function checkPlayerOnTile(trap)
		{
			var o=trap.area.getObjectsInTile(trap.tile_x,trap.tile_y-1);
			while(o.hasNext())
			{
				var o1=o.next();
				if(o1.isPlayer()) return true;
			}
			return false;
		}
	</action>

	<enemy id="plasma_trap" tile="plasma_trap" type="trap" friendlyFire="false" onWall="true" >
		<cooldown seconds="0.5">
			<attack type="omni" damage="60" range="2" hits="3" requireTarget="false" if="checkPlayerOnTile(this)">
				<pre><play object="this" animation="pre_attack" /></pre>
				<cont animation="attack2" />
  				<cont animation="attack3" />
			</attack>
		</cooldown>
	</enemy>

	<animation id="flip_trap1.idle" equals="single" />
	<animation id="flip_trap1.pre_attack" x="0" count="4"/>
	<animation id="flip_trap1.attack" equals="plasma_trap.attack" />
	<animation id="flip_trap1.attack2" equals="plasma_trap.attack2" />
	<animation id="flip_trap1.attack3" equals="plasma_trap.attack3" />

	<enemy id="flip_trap1" tile="flip_trap1" type="trap" friendlyFire="false" onWall="true" >
		<cooldown seconds="2">
			<attack type="omni" damage="60" range="2" hits="3" requireTarget="false">
				<pre><play object="this" animation="pre_attack" /></pre>
				<cont animation="attack2" />
  				<cont animation="attack3" />
			</attack>
		</cooldown>
	</enemy>

	<enemy id="flip_trap2" tile="flip_trap2" animation="flip_trap1" type="trap" friendlyFire="false" onWall="true">
		<cooldown seconds="2">
			<invokeLater seconds="1">
			<attack type="omni" damage="60" range="2" hits="3" requireTarget="false">
				<pre><play object="this" animation="pre_attack" /></pre>
				<cont animation="attack2" />
  				<cont animation="attack3" />
			</attack></invokeLater>
		</cooldown>
	</enemy>
</data>
